title,price
Men's Running Shoe,"1,399"
Mens Trainers Athletic Walking Running Gyming Jogging Fitness Sneakers/Sports Shoes.,"1,199"
Project Plus Running Walking Training Shoe Specially Developed for Wide and Large Foots | Only Big UK-11 to 15,"1,329"
Men's METAVERSE Road Running Sports Shoes | Lightweight & Sungfit with an Energetic Ride,"1,699"
Mens Rodeo ProRunning Shoe,"1,049"
Men's Tarzan-11 White Casual Sneaker High-Neck Shoes with Lightweight Extra Cushion Lace-Up Shoes for Men's & Boy's,759
Men's Running Shoes,589
Casual Sneaker Shoes for Men | Stylish and Comfortable,"1,399"
Men's Genuine Leather Loafers,"1,200"
"Men's Casual Sneaker Shoes for Men - Elevated Comfort, Perfect Casual Shoes for Men","1,449"
Men's Thunder-34 White Casual Sneaker High-Neck Shoes with Lightweight Extra Cushion Lace-Up Shoes for Men's & Boy's,679
Men's Synthetic Leather Outdoor Casual Shoes -,400
"Delta-20 Men's Wonder Sports Running,Walking & Gym Shoes with Casual Sneaker Lightweight Lace-Up Shoes for Men's & Boy's",799
Sports Shoes for Men Pack of 2_BRD-817-BRD-574_Main,649
Mens Shuttle Walking Shoe,698.
Men's TARZAN-05 Casual White Sneaker High Neck Shoes for Men I Walking & Gym Shoes for Boys with Lightweight Extra Jump I Casual Lace-Up Shoes for Men,654
"Men's Thar-01 Sports Running,Walking & Gym Shoes with Eva Sole Extra Jump Casual Sneaker Shoes for Men's & Boy's",649
Men Grey Walking Shoes,"1,699"
Mens Atlantis Running,749.
Men's Sneakers Casual Shoes Walking Shoes for Men's & Boy's : Black,299
mens Sd9039g Sneakers,699
Running Shoes for Men| Walking & Gym Shoes| Lightweight Shoes for Men,599
HYPERSOFT Series with Ultra-rebounce Outsole and Iconic Breathable Engineered Knit Upper for Daily Running,"2,088"
"Swim Water Shoes for Unisex Adult- Kids, Aqua Sock Type, Quick Dry, Barefoot Feeling, Ideal Beach, Swimming, River, Pool, Diving Shoes Lake or Surf, Non-Slip Yoga Socks",899
Boys Razor Flex AirSneaker,"2,849"
Men's First Running Shoes,"1,349"
Men's CATO Running Shoes,709.
Men's Running Shoes,599
TARZAN-04 Men's Casual White Sneaker Shoes with Synthetic Upper | Lightweight Lace-Up Shoes for Men's & Boy's,709
Men's Clinch-X M Running Shoe,"1,292"
Men's Tyson PRO Running Shoes,"1,099"
Shoes For Men I Boys With,599
Men's North Plus Running Shoes,"1,349"
"Grey Sports Shoes for Men's- Lace-Up Shoes, Perfect Walking & Running Shoes for Men","1,674"
"Men's Casual Sneaker Shoes for Men - Elevated Comfort, Perfect Casual Shoes for Men","1,449"
Men's Dazzler Sneakers,"1,527"
Men Black Walking Shoes,"1,724"
"Black Sports Shoes for Men- Lace-Up Shoes, Perfect Walking & Running Shoes for Men","1,674"
Mens 5g-820 Running Shoe,"1,409"
"Nivia Flash 2.0 Badminton Shoes for Men, Rubber Sole with PVC Synthetic Leather Upper and mesh for Sports, Badminton, Volleyball, Squash, Table Tennis, (Blue) UK-11",949
"Men's Sports Running Shoes, Arch Support, Soft Cushioned Insole, Shock Absorption, Perfect for Walking & Running","1,349"
Men's Classic Casual Clogs/Sandals with Adjustable Back Strap for Adult | Comfortable & Light Weight | Stylish & Anti-Skid | Waterproof & Everyday Use Mules for Gents/Boys D-501,799
"Amber Men's Sports Running Shoes, Training Sneaker Lace-Up Trendy Shoes, Casual, Sports Shoes for Men",369
Men's Delta-21 Running Shoes for Men I Sport Shoes for Boys with Eva Sole for Extra Jump I Casual Shoes for Men,739
Men's Casual Shoes boots for men,439
"Men's HUNTER 6 inches Hiking/Snow boots for men for outdoor Trekking - non slip, Water Proof, Anti-Fatigue, Comfortable & Light weight","1,399"
Men's Casual Shoes,639
Mens Drogo M Running Shoe,"1,491."
Mens Sx0675gRunning Shoe,840
Mens Abor Sneakers,"1,902."
Mens Sx0676gRunning Shoes,"1,398"
"Sneaker Casual Shoes for Men | Soft Cushion Insole, Slip-Resistance, Dynamic Feet Support & Arch Support","1,349"
Men's Strom PRO Running Shoes,849
Men's Running Shoe,"1,399"
"Men's Cosko Sports Running,Walking,Gym,Training Sneaker Lace-Up Shoes for Men's & Boy's",679
Men's Maxico Running Shoes,879
"Men's Wind-04 Sports Walking,Running & Gym Shoes with Eva Sole Casual Lightweight Slip-On Shoes for Men's & Boy's",629
Men's Essential Your Everyday All Purpose Walking Running Casual Shoes,999
Kids Run-N ASSK0124N Sports Shoes,449
Essential Your Everyday All Purpose Walking Running Casual Shoes for Men,"1,099"
Essential Your Everyday All Purpose Walking Running Casual Shoes for Men,"1,099"
HYPERSOFT Series with Ultra-rebounce Outsole and Iconic Breathable Engineered Knit Upper for Daily Running,"2,088"
HYPERSOFT Series with Ultra-rebounce Outsole and Iconic Breathable Engineered Knit Upper Daily Sports Shoes for Walking and Running,"2,088"
HYPERSOFT Series with Ultra-rebounce Outsole and Iconic Breathable Engineered Knit Upper for Daily Running,"2,088"
Essential Your Everyday All Purpose Walking Running Casual Shoes for Men,"1,099"
Men's BOB Running & Lifestyle Sports Sneakers with Speed Dummy Laces & Rebounce Air Outsole,"1,699"
